Nucleotide 1,Nucleotide 2,Score_1,Score_2,Score_3,Score_4,Score_5,Score_6,Score_7,Score_8,Score_9,Score_10,Score_11,Score_12,Score_13,Score_14,Score_15,Score_16,Score_17,Score_18,Score_19,Score_20
U,U,inf,inf,inf,inf,inf,-2.085998942225995,-1.6805338341178306,inf,inf,inf,-0.45186841720152315,-0.06004608549714512,-0.7278754580728007,0.41394558492654576,0.4339990273732755,0.0027739268827253194,0.3686939289655088,0.007235921586176855,-0.013937507843781678,-0.3587779941355112
A,A,inf,inf,inf,inf,inf,inf,-1.8065745550131955,inf,inf,inf,-0.8010526894110978,-0.003765249598555513,0.24469610969994404,-0.258638842336889,0.7497910587569496,-0.07197349962508924,-0.16281190003802068,-0.31947549477133946,-0.014815085785140682,0.3624791453563273
G,U,inf,inf,inf,inf,inf,inf,inf,inf,0.6242418402560337,inf,0.4257909015321954,0.2675668963173013,0.37292741197512747,-0.09468945745962627,-0.20816740763741926,-0.059574012875027345,-0.08110061339773006,0.10659025141964318,0.2311992521464264,-0.11542535593880457
A,C,inf,inf,inf,inf,inf,inf,inf,inf,inf,inf,inf,0.32771944551161825,0.35303725349590803,-0.09623047727064918,0.1286173778220936,-0.22464618119874472,0.09967992358520175,0.577323009388895,-0.3483066942682158,-0.3276874070654802
G,G,inf,inf,inf,inf,inf,inf,inf,inf,-0.957146768368167,-1.5857554277905412,0.04837509723393061,-0.8283138965251986,-0.7159847115512791,0.1340305418124245,0.15012358304305712,0.5030174413181789,-0.03778383745704197,0.2769557774097982,0.259248555956326,0.007934127675419943
C,G,inf,inf,inf,inf,inf,inf,inf,inf,inf,inf,0.9178418159028322,0.21105185893910036,0.005846008311557992,-0.4434217224549994,-0.2757322812022052,0.1487087283649649,0.25032710664003116,-0.21001890189150968,0.7232501665170633,-0.013572077545543687
A,G,inf,inf,inf,inf,inf,inf,-0.9236708391717776,inf,-1.6656081839011547,-0.6359887667199966,-0.5059356384717989,0.003669728888962513,0.08614595071320094,0.013355791181555735,0.36418344913486045,0.09180754925312286,-0.20567766002530155,0.07095173597228449,-0.03477908148573704,-0.00738010729762268
C,C,inf,inf,inf,inf,inf,inf,inf,inf,inf,inf,-0.11916266337578701,-0.01502240412319,0.41576051196926406,0.659639961762652,0.6331733885744888,0.33547968070846124,0.8555503626185031,-0.35320550514803234,-0.9423629721839302,-0.27738666859068123
C,U,inf,inf,inf,inf,inf,inf,inf,inf,inf,inf,inf,0.6968169094489078,0.2113090936672069,0.7653434717644344,0.3334117904681069,-0.14660347419187544,-0.22436979303745397,-0.3063424951691836,-0.5669958952330453,0.1893301869484315
A,U,inf,inf,inf,inf,inf,-1.1159180357657021,inf,-1.8090652163256475,inf,-0.8282359633139211,-0.5803997994093401,-0.18857746770496225,0.08805476856023378,0.14433560445882337,-0.3388893712250549,-0.07446416093754109,0.0860118669304335,0.017540984232575753,0.17843883002850278,0.47777151970025894
